{
  "root_group": {
    "name": "",
    "path": "",
    "id": "d41d8cd98f00b204e9800998ecf8427e",
    "groups": [],
    "checks": []
  },
  "options": {
    "summaryTrendStats": [
      "avg",
      "min",
      "med",
      "max",
      "p(90)",
      "p(95)"
    ],
    "summaryTimeUnit": "",
    "noColor": false
  },
  "state": {
    "isStdErrTTY": false,
    "testRunDurationMs": 965568.748074,
    "isStdOutTTY": false
  },
  "metrics": {
    "ws_sessions": {
      "contains": "default",
      "values": {
        "count": 63869,
        "rate": 66.14650704820156
      },
      "type": "counter"
    },
    "iterations": {
      "type": "counter",
      "contains": "default",
      "values": {
        "count": 63869,
        "rate": 66.14650704820156
      }
    },
    "http_req_sending": {
      "values": {
        "avg": 0.0370192,
        "min": 0.01273,
        "med": 0.027573,
        "max": 0.145981,
        "p(90)": 0.06607870000000007,
        "p(95)": 0.11239375000000003
      },
      "type": "trend",
      "contains": "time"
    },
    "http_req_duration": {
      "type": "trend",
      "contains": "time",
      "values": {
        "min": 119.763201,
        "med": 123.583195,
        "max": 301.416753,
        "p(90)": 127.043879,
        "p(95)": 137.6871448000001,
        "avg": 132.41147140000004
      }
    },
    "http_req_duration{expected_response:true}": {
      "type": "trend",
      "contains": "time",
      "values": {
        "avg": 132.41147140000004,
        "min": 119.763201,
        "med": 123.583195,
        "max": 301.416753,
        "p(90)": 127.043879,
        "p(95)": 137.6871448000001
      }
    },
    "http_req_tls_handshaking": {
      "type": "trend",
      "contains": "time",
      "values": {
        "med": 0,
        "max": 0,
        "p(90)": 0,
        "p(95)": 0,
        "avg": 0,
        "min": 0
      }
    },
    "http_req_waiting": {
      "type": "trend",
      "contains": "time",
      "values": {
        "p(90)": 126.87797400000001,
        "p(95)": 137.48066445000012,
        "avg": 132.25447764999998,
        "min": 119.653968,
        "med": 123.39401649999999,
        "max": 301.083156
      }
    },
    "ws_connecting": {
      "type": "trend",
      "contains": "time",
      "values": {
        "min": 20.439281,
        "med": 2095.54899,
        "max": 30001.283127,
        "p(90)": 2118.488166,
        "p(95)": 2137.427002,
        "avg": 2120.1561905213584
      }
    },
    "iteration_duration": {
      "type": "trend",
      "contains": "time",
      "values": {
        "avg": 3120.833132505516,
        "min": 1021.687973,
        "med": 3096.231772,
        "max": 31002.492028,
        "p(90)": 3119.1200716,
        "p(95)": 3138.222564
      }
    },
    "data_received": {
      "type": "counter",
      "contains": "data",
      "values": {
        "count": 639778,
        "rate": 662.5918675145109
      }
    },
    "vus_max": {
      "type": "gauge",
      "contains": "default",
      "values": {
        "value": 450,
        "min": 450,
        "max": 450
      }
    },
    "ws_errors": {
      "contains": "default",
      "values": {
        "rate": 0,
        "passes": 0,
        "fails": 0
      },
      "thresholds": {
        "rate<0.05": {
          "ok": true
        }
      },
      "type": "rate"
    },
    "http_reqs": {
      "type": "counter",
      "contains": "default",
      "values": {
        "count": 20,
        "rate": 0.02071318074439918
      }
    },
    "vus": {
      "values": {
        "value": 3,
        "min": 0,
        "max": 450
      },
      "type": "gauge",
      "contains": "default"
    },
    "ws_session_duration": {
      "type": "trend",
      "contains": "time",
      "values": {
        "min": 20.48278,
        "med": 2095.569932,
        "max": 30001.389419,
        "p(90)": 2118.5120739999998,
        "p(95)": 2137.4371364,
        "avg": 2120.1782757432807
      }
    },
    "http_req_blocked": {
      "values": {
        "p(90)": 0.005470700000000001,
        "p(95)": 0.7805918500000111,
        "avg": 0.77869165,
        "min": 0.003139,
        "med": 0.0038244999999999998,
        "max": 15.497685
      },
      "type": "trend",
      "contains": "time"
    },
    "http_req_connecting": {
      "type": "trend",
      "contains": "time",
      "values": {
        "min": 0,
        "med": 0,
        "max": 12.401064,
        "p(90)": 0,
        "p(95)": 0.6200532000000089,
        "avg": 0.6200532
      }
    },
    "http_req_receiving": {
      "type": "trend",
      "contains": "time",
      "values": {
        "min": 0.093145,
        "med": 0.10789099999999999,
        "max": 0.187616,
        "p(90)": 0.1747796,
        "p(95)": 0.1873025,
        "avg": 0.11997455000000001
      }
    },
    "http_req_failed": {
      "contains": "default",
      "values": {
        "rate": 0,
        "passes": 0,
        "fails": 20
      },
      "type": "rate"
    },
    "data_sent": {
      "contains": "data",
      "values": {
        "count": 752749,
        "rate": 779.5913046082869
      },
      "type": "counter"
    }
  }
}