{
  "root_group": {
    "name": "",
    "path": "",
    "id": "d41d8cd98f00b204e9800998ecf8427e",
    "groups": [],
    "checks": []
  },
  "options": {
    "summaryTrendStats": [
      "avg",
      "min",
      "med",
      "max",
      "p(90)",
      "p(95)"
    ],
    "summaryTimeUnit": "",
    "noColor": false
  },
  "state": {
    "isStdOutTTY": false,
    "isStdErrTTY": false,
    "testRunDurationMs": 10638.914573
  },
  "metrics": {
    "ws_session_duration": {
      "type": "trend",
      "contains": "time",
      "values": {
        "med": 10031.284146,
        "max": 10033.65506,
        "p(90)": 10032.7423604,
        "p(95)": 10033.198710199998,
        "avg": 10031.387523399999,
        "min": 10030.262701
      }
    },
    "http_req_receiving": {
      "contains": "time",
      "values": {
        "med": 0.102973,
        "max": 0.508007,
        "p(90)": 0.35750060000000006,
        "p(95)": 0.4327537999999999,
        "avg": 0.1841464,
        "min": 0.086404
      },
      "type": "trend"
    },
    "ws_errors": {
      "type": "rate",
      "contains": "default",
      "values": {
        "rate": 0,
        "passes": 0,
        "fails": 0
      },
      "thresholds": {
        "rate==0": {
          "ok": true
        }
      }
    },
    "bid_success_rate": {
      "type": "rate",
      "contains": "default",
      "values": {
        "passes": 0,
        "fails": 0,
        "rate": 0
      },
      "thresholds": {
        "rate==1.0": {
          "ok": true
        }
      }
    },
    "http_req_blocked": {
      "type": "trend",
      "contains": "time",
      "values": {
        "p(95)": 23.220853999999996,
        "avg": 5.808106,
        "min": 0.002476,
        "med": 0.004772,
        "max": 29.024848,
        "p(90)": 17.416860000000003
      }
    },
    "http_req_duration{expected_response:true}": {
      "type": "trend",
      "contains": "time",
      "values": {
        "med": 114.72727,
        "max": 116.794047,
        "p(90)": 116.1608934,
        "p(95)": 116.4774702,
        "avg": 114.7956418,
        "min": 112.995576
      }
    },
    "ws_sessions": {
      "values": {
        "count": 5,
        "rate": 0.4699727557442058
      },
      "type": "counter",
      "contains": "default"
    },
    "ws_connecting": {
      "values": {
        "avg": 30.510943399999995,
        "min": 28.870464,
        "med": 30.822902,
        "max": 33.036828,
        "p(90)": 32.1986372,
        "p(95)": 32.6177326
      },
      "type": "trend",
      "contains": "time"
    },
    "data_sent": {
      "contains": "data",
      "values": {
        "count": 5895,
        "rate": 554.0978790224186
      },
      "type": "counter"
    },
    "http_req_failed": {
      "type": "rate",
      "contains": "default",
      "values": {
        "rate": 0,
        "passes": 0,
        "fails": 5
      }
    },
    "iteration_duration": {
      "type": "trend",
      "contains": "time",
      "values": {
        "min": 10030.303121,
        "med": 10031.314596,
        "max": 10033.707002,
        "p(90)": 10032.789544,
        "p(95)": 10033.248273,
        "avg": 10031.431561
      }
    },
    "http_req_sending": {
      "type": "trend",
      "contains": "time",
      "values": {
        "max": 0.117044,
        "p(90)": 0.0836528,
        "p(95)": 0.10034839999999998,
        "avg": 0.042918599999999994,
        "min": 0.012631,
        "med": 0.032486
      }
    },
    "http_reqs": {
      "values": {
        "count": 5,
        "rate": 0.4699727557442058
      },
      "type": "counter",
      "contains": "default"
    },
    "http_req_waiting": {
      "type": "trend",
      "contains": "time",
      "values": {
        "p(95)": 116.2586352,
        "avg": 114.5685768,
        "min": 112.873737,
        "med": 114.185697,
        "max": 116.545262,
        "p(90)": 115.97200839999999
      }
    },
    "vus": {
      "type": "gauge",
      "contains": "default",
      "values": {
        "value": 5,
        "min": 5,
        "max": 5
      }
    },
    "vus_max": {
      "type": "gauge",
      "contains": "default",
      "values": {
        "value": 5,
        "min": 5,
        "max": 5
      }
    },
    "bid_sent_count": {
      "type": "counter",
      "contains": "default",
      "values": {
        "rate": 0.4699727557442058,
        "count": 5
      }
    },
    "http_req_duration": {
      "contains": "time",
      "values": {
        "p(90)": 116.1608934,
        "p(95)": 116.4774702,
        "avg": 114.7956418,
        "min": 112.995576,
        "med": 114.72727,
        "max": 116.794047
      },
      "type": "trend"
    },
    "iterations": {
      "type": "counter",
      "contains": "default",
      "values": {
        "count": 5,
        "rate": 0.4699727557442058
      }
    },
    "http_req_tls_handshaking": {
      "type": "trend",
      "contains": "time",
      "values": {
        "max": 0,
        "p(90)": 0,
        "p(95)": 0,
        "avg": 0,
        "min": 0,
        "med": 0
      }
    },
    "ws_msgs_sent": {
      "values": {
        "count": 20,
        "rate": 1.879891022976823
      },
      "type": "counter",
      "contains": "default"
    },
    "ws_msgs_received": {
      "contains": "default",
      "values": {
        "count": 5,
        "rate": 0.4699727557442058
      },
      "type": "counter"
    },
    "http_req_connecting": {
      "type": "trend",
      "contains": "time",
      "values": {
        "max": 23.029913,
        "p(90)": 13.817947800000002,
        "p(95)": 18.423930399999996,
        "avg": 4.6059826,
        "min": 0,
        "med": 0
      }
    },
    "data_received": {
      "type": "counter",
      "contains": "data",
      "values": {
        "count": 8645,
        "rate": 812.5828946817318
      }
    }
  }
}