{
  "state": {
    "isStdOutTTY": false,
    "isStdErrTTY": false,
    "testRunDurationMs": 580.272579
  },
  "metrics": {
    "data_sent": {
      "type": "counter",
      "contains": "data",
      "values": {
        "count": 1025,
        "rate": 1766.411229988519
      }
    },
    "iteration_duration": {
      "type": "trend",
      "contains": "time",
      "values": {
        "avg": 0.0052792,
        "min": 0.001199,
        "med": 0.001625,
        "max": 0.020163,
        "p(90)": 0.012950600000000001,
        "p(95)": 0.016556799999999997
      }
    },
    "http_reqs": {
      "type": "counter",
      "contains": "default",
      "values": {
        "count": 5,
        "rate": 8.616640146285459
      }
    },
    "http_req_connecting": {
      "type": "trend",
      "contains": "time",
      "values": {
        "avg": 2.602678,
        "min": 0,
        "med": 0,
        "max": 13.01339,
        "p(90)": 7.808034000000001,
        "p(95)": 10.410711999999997
      }
    },
    "http_req_failed": {
      "type": "rate",
      "contains": "default",
      "values": {
        "rate": 1,
        "passes": 5,
        "fails": 0
      }
    },
    "http_req_blocked": {
      "type": "trend",
      "contains": "time",
      "values": {
        "p(95)": 12.077960999999997,
        "avg": 3.0223742000000002,
        "min": 0.003598,
        "med": 0.003933,
        "max": 15.09643,
        "p(90)": 9.059492
      }
    },
    "data_received": {
      "contains": "data",
      "values": {
        "count": 2290,
        "rate": 3946.4211869987403
      },
      "type": "counter"
    },
    "iterations": {
      "type": "counter",
      "contains": "default",
      "values": {
        "count": 5,
        "rate": 8.616640146285459
      }
    },
    "ws_errors": {
      "type": "rate",
      "contains": "default",
      "values": {
        "passes": 0,
        "fails": 0,
        "rate": 0
      },
      "thresholds": {
        "rate==0": {
          "ok": true
        }
      }
    },
    "http_req_duration": {
      "type": "trend",
      "contains": "time",
      "values": {
        "avg": 112.6907216,
        "min": 111.049831,
        "med": 111.824701,
        "max": 115.278216,
        "p(90)": 114.7969864,
        "p(95)": 115.0376012
      }
    },
    "http_req_sending": {
      "values": {
        "min": 0.017109,
        "med": 0.052697,
        "max": 0.124036,
        "p(90)": 0.0998532,
        "p(95)": 0.11194459999999998,
        "avg": 0.057939399999999995
      },
      "type": "trend",
      "contains": "time"
    },
    "http_req_receiving": {
      "type": "trend",
      "contains": "time",
      "values": {
        "avg": 0.1368576,
        "min": 0.073874,
        "med": 0.116722,
        "max": 0.24393,
        "p(90)": 0.2091636,
        "p(95)": 0.2265468
      }
    },
    "bid_success_rate": {
      "thresholds": {
        "rate==1.0": {
          "ok": true
        }
      },
      "type": "rate",
      "contains": "default",
      "values": {
        "rate": 0,
        "passes": 0,
        "fails": 0
      }
    },
    "http_req_waiting": {
      "type": "trend",
      "contains": "time",
      "values": {
        "p(90)": 114.6211502,
        "p(95)": 114.8448276,
        "avg": 112.4959246,
        "min": 110.958848,
        "med": 111.456735,
        "max": 115.068505
      }
    },
    "http_req_tls_handshaking": {
      "type": "trend",
      "contains": "time",
      "values": {
        "med": 0,
        "max": 0,
        "p(90)": 0,
        "p(95)": 0,
        "avg": 0,
        "min": 0
      }
    }
  },
  "root_group": {
    "checks": [],
    "name": "",
    "path": "",
    "id": "d41d8cd98f00b204e9800998ecf8427e",
    "groups": []
  },
  "options": {
    "summaryTrendStats": [
      "avg",
      "min",
      "med",
      "max",
      "p(90)",
      "p(95)"
    ],
    "summaryTimeUnit": "",
    "noColor": false
  }
}