{
  "options": {
    "summaryTimeUnit": "",
    "noColor": false,
    "summaryTrendStats": [
      "avg",
      "min",
      "med",
      "max",
      "p(90)",
      "p(95)"
    ]
  },
  "state": {
    "isStdOutTTY": false,
    "isStdErrTTY": false,
    "testRunDurationMs": 813334.767515
  },
  "metrics": {
    "data_sent": {
      "type": "counter",
      "contains": "data",
      "values": {
        "count": 76551272,
        "rate": 94120.25042761768
      }
    },
    "ws_errors": {
      "type": "rate",
      "contains": "default",
      "values": {
        "rate": 0,
        "passes": 0,
        "fails": 0
      },
      "thresholds": {
        "rate<0.05": {
          "ok": true
        }
      }
    },
    "http_req_duration{expected_response:true}": {
      "values": {
        "avg": 190.24343875000002,
        "min": 135.317867,
        "med": 163.873803,
        "max": 524.260564,
        "p(90)": 221.70751630000004,
        "p(95)": 257.4067021000002
      },
      "type": "trend",
      "contains": "time"
    },
    "http_req_connecting": {
      "type": "trend",
      "contains": "time",
      "values": {
        "p(90)": 0,
        "p(95)": 2.3660461500000336,
        "avg": 2.36604615,
        "min": 0,
        "med": 0,
        "max": 47.320923
      }
    },
    "vus": {
      "values": {
        "value": 1,
        "min": 0,
        "max": 1000
      },
      "type": "gauge",
      "contains": "default"
    },
    "ws_connecting": {
      "type": "trend",
      "contains": "time",
      "values": {
        "med": 168.2513015,
        "max": 60001.188868,
        "p(90)": 30000.135544999997,
        "p(95)": 30000.71137425,
        "avg": 4425.5581742493805,
        "min": 2.021564
      }
    },
    "http_req_blocked": {
      "type": "trend",
      "contains": "time",
      "values": {
        "avg": 2.50373665,
        "min": 0.002602,
        "med": 0.004167,
        "max": 49.959443,
        "p(90)": 0.0156404,
        "p(95)": 2.5131759500000355
      }
    },
    "http_req_sending": {
      "type": "trend",
      "contains": "time",
      "values": {
        "p(90)": 0.10198870000000002,
        "p(95)": 0.11602800000000002,
        "avg": 0.04094785000000001,
        "min": 0.011375,
        "med": 0.024731999999999997,
        "max": 0.150437
      }
    },
    "http_req_receiving": {
      "type": "trend",
      "contains": "time",
      "values": {
        "min": 0.068742,
        "med": 0.09912,
        "max": 0.374896,
        "p(90)": 0.24756060000000008,
        "p(95)": 0.29468180000000005,
        "avg": 0.1335814
      }
    },
    "ws_sessions": {
      "type": "counter",
      "contains": "default",
      "values": {
        "count": 44276,
        "rate": 54.437608926122095
      }
    },
    "iterations": {
      "type": "counter",
      "contains": "default",
      "values": {
        "count": 44257,
        "rate": 54.414248311577055
      }
    },
    "iteration_duration": {
      "values": {
        "avg": 5415.253569644248,
        "min": 1002.556871,
        "med": 1168.900175,
        "max": 61002.164587,
        "p(90)": 31000.509185,
        "p(95)": 31001.426629200003
      },
      "type": "trend",
      "contains": "time"
    },
    "http_reqs": {
      "contains": "default",
      "values": {
        "count": 20,
        "rate": 0.024590120573729377
      },
      "type": "counter"
    },
    "http_req_waiting": {
      "type": "trend",
      "contains": "time",
      "values": {
        "max": 524.145123,
        "p(90)": 221.61011490000004,
        "p(95)": 257.2841646000002,
        "avg": 190.06890950000002,
        "min": 135.207525,
        "med": 163.760988
      }
    },
    "data_received": {
      "type": "counter",
      "contains": "data",
      "values": {
        "count": 151549099,
        "rate": 186330.53086250252
      }
    },
    "http_req_failed": {
      "type": "rate",
      "contains": "default",
      "values": {
        "fails": 20,
        "rate": 0,
        "passes": 0
      }
    },
    "http_req_duration": {
      "type": "trend",
      "contains": "time",
      "values": {
        "min": 135.317867,
        "med": 163.873803,
        "max": 524.260564,
        "p(90)": 221.70751630000004,
        "p(95)": 257.4067021000002,
        "avg": 190.24343875000002
      }
    },
    "http_req_tls_handshaking": {
      "type": "trend",
      "contains": "time",
      "values": {
        "min": 0,
        "med": 0,
        "max": 0,
        "p(90)": 0,
        "p(95)": 0,
        "avg": 0
      }
    },
    "vus_max": {
      "type": "gauge",
      "contains": "default",
      "values": {
        "value": 1000,
        "min": 1000,
        "max": 1000
      }
    },
    "ws_session_duration": {
      "contains": "time",
      "values": {
        "p(90)": 30000.1587195,
        "p(95)": 30000.740586,
        "avg": 4425.586130395411,
        "min": 2.05556,
        "med": 168.2841555,
        "max": 60001.244009
      },
      "type": "trend"
    }
  },